BC33	CAGACTTGGTACGGTTGGGTAACT
BC34	GGACGAAGAACTCAAGTCAAAGGC
BC35	CTACTTACGAAGCTGAGGGACTGC
BC36	ATGTCCCAGTTAGAGGAGGAAACA
BC37	GCTTGCGATTGATGCTTAGTATCA
BC38	ACCACAGGAGGACGATACAGAGAA
BC39	CCACAGTGTCAACTAGAGCCTCTC
BC40	TAGTTTGGATGACCAAGGATAGCC
BC41	GGAGTTCGTCCAGAGAAGTACACG
BC42	CTACGTGTAAGGCATACCTGCCAG
BC43	CTTTCGTTGTTGACTCGACGGTAG
BC44	AGTAGAAAGGGTTCCTTCCCACTC
BC45	GATCCAACAGAGATGCCTTCAGTG
BC46	GCTGTGTTCCACTTCATTCTCCTG
BC47	GTGCAACTTTCCCACAGGTAGTTC
BC48	CATCTGGAACGTGGTACACCTGTA
BC49	ACTGGTGCAGCTTTGAACATCTAG
BC50	ATGGACTTTGGTAACTTCCTGCGT
BC51	GTTGAATGAGCCTACTGGGTCCTC
BC52	TGAGAGACAAGATTGTTCGTGGAC
BC53	AGATTCAGACCGTCTCATGCAAAG
BC54	CAAGAGCTTTGACTAAGGAGCATG
BC55	TGGAAGATGAGACCCTGATCTACG
BC56	TCACTACTCAACAGGTGGCATGAA
BC57	GCTAGGTCAATCTCCTTCGGAAGT
BC58	CAGGTTACTCCTCCGTGAGTCTGA
BC59	TCAATCAAGAAGGGAAAGCAAGGT
BC60	CATGTTCAACCAAGGCTTCTATGG
BC61	AGAGGGTACTATGTGCCTCAGCAC
BC62	CACCCACACTTACTTCAGGACGTA
BC63	TTCTGAAGTTCCTGGGTCTTGAAC
BC64	GACAGACACCGTTCATCGACTTTC
